,CPI,Clothing,Computers,Food and Beverages,Housing,"IT, Hardware and Services",New Vehicles,School Costs and Childcare
CPI,259.41358853147125,7.8246656598028235,-258.0525351951443,277.10882445038334,331.5797048324936,-13.5901381060606,74.45619803358889,1311.7635424794448
Clothing,7.8246656598028235,12.161461684264324,-25.540944194815662,9.813311760058419,0.15712013713033837,-1.0318575454545458,7.906379545089444,67.31159691507857
Computers,-258.0525351951443,-25.540944194815662,313.516367474443,-288.0936140568819,-319.31842918824407,15.716800166666667,-83.44625319751735,-1435.8930670576867
Food and Beverages,277.10882445038334,9.813311760058419,-288.0936140568819,305.1555077803579,353.64117400204447,-14.93436663030303,82.8562041667032,1433.5512648381894
Housing,331.5797048324936,0.15712013713033837,-319.31842918824407,353.64117400204447,444.15216846016796,-17.192682842424233,86.56217675085799,1683.345214882293
"IT, Hardware and Services",-13.5901381060606,-1.0318575454545458,15.716800166666667,-14.93436663030303,-17.192682842424233,0.804108918181818,-4.143247969696965,-74.2371098909091
New Vehicles,74.45619803358889,7.906379545089444,-83.44625319751735,82.8562041667032,86.56217675085799,-4.143247969696965,28.35253834143847,387.3219444294997
School Costs and Childcare,1311.7635424794448,67.31159691507857,-1435.8930670576867,1433.5512648381894,1683.345214882293,-74.2371098909091,387.3219444294997,6999.815319026506
